Trade number,Type,Date and time,Signal,Price USD,Size (qty),Size (value),Net PnL USD,Return %,Commission USD,Favorable excursion USD,Favorable excursion %,Adverse excursion USD,Adverse excursion %,Cumulative PnL USD,Cumulative PnL %,Duration (bars)
1,Exit long,2025-08-26 12:12,AGT LC EXIT,24533.5,3,147028.5,172.5,0.12,0,172.5,0.12,-100.5,-0.07,172.5,0.57,39
1,Entry long,2025-08-26 11:33,AGT LC,24504.75,3,147028.5,172.5,0.12,0,172.5,0.12,-100.5,-0.07,172.5,0.57,39
2,Exit short,2025-08-27 16:29,PO3 Short Exit,24561.5,3,146619,-750,-0.51,0,75,0.05,-750,-0.51,-577.5,-1.92,8
2,Entry short,2025-08-27 16:21,PO3 Short,24436.5,3,146619,-750,-0.51,0,75,0.05,-750,-0.51,-577.5,-1.92,8
3,Exit long,2025-08-28 11:24,OF ORB A Long Exit,24691.5,3,148353,-204,-0.14,0,0,0.00,-204,-0.14,-781.5,-2.60,4
3,Entry long,2025-08-28 11:20,OF ORB A Long,24725.5,3,148353,-204,-0.14,0,0,0.00,-204,-0.14,-781.5,-2.60,4
4,Exit long,2025-08-28 12:28,AGT LC EXIT,24749.25,3,148117.5,378,0.26,0,378,0.26,-99,-0.07,-403.5,-1.34,58
4,Entry long,2025-08-28 11:30,AGT LC,24686.25,3,148117.5,378,0.26,0,378,0.26,-99,-0.07,-403.5,-1.34,58
5,Exit long,2025-08-28 14:30,OF ORB B Long Exit,24776.5,3,148311,348,0.23,0,348,0.23,-7.5,-0.01,-55.5,-0.18,90
5,Entry long,2025-08-28 13:00,OF ORB B Long,24718.5,3,148311,348,0.23,0,348,0.23,-7.5,-0.01,-55.5,-0.18,90
6,Exit long,2025-09-01 18:00,PO3 Session End,24489.25,3,146931,4.5,0.00,0,105,0.07,-70.5,-0.05,-51,-0.17,56
6,Entry long,2025-09-01 12:04,PO3 Long,24488.5,3,146931,4.5,0.00,0,105,0.07,-70.5,-0.05,-51,-0.17,56
7,Exit long,2025-09-03 10:25,AGT LC EXIT,24456,3,146436,300,0.20,0,300,0.20,-63,-0.04,249,0.83,10
7,Entry long,2025-09-03 10:15,AGT LC,24406,3,146436,300,0.20,0,300,0.20,-63,-0.04,249,0.83,10
8,Exit short,2025-09-03 15:48,OF ORB A Short Exit,24402,3,146254.5,-157.5,-0.11,0,63,0.04,-157.5,-0.11,91.5,0.31,13
8,Entry short,2025-09-03 15:35,OF ORB A Short,24375.75,3,146254.5,-157.5,-0.11,0,63,0.04,-157.5,-0.11,91.5,0.31,13
9,Exit short,2025-09-03 15:52,PO3 Short Exit,24427,3,146247,-315,-0.22,0,367.5,0.25,-315,-0.22,-223.5,-0.74,118
9,Entry short,2025-09-03 13:54,PO3 Short,24374.5,3,146247,-315,-0.22,0,367.5,0.25,-315,-0.22,-223.5,-0.74,118
10,Exit short,2025-09-04 10:31,PO3 Short Exit,24504.25,3,146704.5,-321,-0.22,0,274.5,0.19,-321,-0.22,-544.5,-1.81,29
10,Entry short,2025-09-04 10:02,PO3 Short,24450.75,3,146704.5,-321,-0.22,0,274.5,0.19,-321,-0.22,-544.5,-1.81,29
11,Exit short,2025-09-04 11:22,AGT SC EXIT,24543.25,3,146794.5,-465,-0.32,0,48,0.03,-465,-0.32,-1009.5,-3.36,56
11,Entry short,2025-09-04 10:26,AGT SC,24465.75,3,146794.5,-465,-0.32,0,48,0.03,-465,-0.32,-1009.5,-3.36,56
12,Exit long,2025-09-08 12:37,OF ORB A Long Exit,24795.5,3,149017.5,-244.5,-0.16,0,280.5,0.19,-244.5,-0.16,-1254,-4.18,167
12,Entry long,2025-09-08 09:50,OF ORB A Long,24836.25,3,149017.5,-244.5,-0.16,0,280.5,0.19,-244.5,-0.16,-1254,-4.18,167
13,Exit long,2025-09-08 13:51,PO3 Long Exit,24775,3,149128.5,-478.5,-0.32,0,150,0.10,-478.5,-0.32,-1732.5,-5.77,172
13,Entry long,2025-09-08 10:59,PO3 Long,24854.75,3,149128.5,-478.5,-0.32,0,150,0.10,-478.5,-0.32,-1732.5,-5.77,172
14,Exit short,2025-09-09 10:28,AGT SC EXIT,24808,3,148878,30,0.02,0,120,0.08,-64.5,-0.04,-1702.5,-5.67,12
14,Entry short,2025-09-09 10:16,AGT SC,24813,3,148878,30,0.02,0,120,0.08,-64.5,-0.04,-1702.5,-5.67,12
15,Exit long,2025-09-09 18:00,PO3 Session End,24898.5,3,149062.5,328.5,0.22,0,415.5,0.28,-81,-0.05,-1374,-4.58,83
15,Entry long,2025-09-09 15:37,PO3 Long,24843.75,3,149062.5,328.5,0.22,0,415.5,0.28,-81,-0.05,-1374,-4.58,83
16,Exit short,2025-09-10 10:03,OF ORB A Short Exit,24959.5,3,149557.5,-199.5,-0.13,0,156,0.10,-199.5,-0.13,-1573.5,-5.24,10
16,Entry short,2025-09-10 09:53,OF ORB A Short,24926.25,3,149557.5,-199.5,-0.13,0,156,0.10,-199.5,-0.13,-1573.5,-5.24,10
17,Exit short,2025-09-10 18:00,PO3 Session End,24859.25,3,149395.5,240,0.16,0,715.5,0.48,-15,-0.01,-1333.5,-4.44,190
17,Entry short,2025-09-10 13:50,PO3 Short,24899.25,3,149395.5,240,0.16,0,715.5,0.48,-15,-0.01,-1333.5,-4.44,190
18,Exit long,2025-09-11 10:35,AGT LC EXIT,24998.25,3,149752.5,237,0.16,0,237,0.16,-102,-0.07,-1096.5,-3.65,20
18,Entry long,2025-09-11 10:15,AGT LC,24958.75,3,149752.5,237,0.16,0,237,0.16,-102,-0.07,-1096.5,-3.65,20
19,Exit long,2025-09-11 18:00,PO3 Session End,25009.75,3,149821.5,237,0.16,0,441,0.29,-171,-0.11,-859.5,-2.86,403
19,Entry long,2025-09-11 10:17,PO3 Long,24970.25,3,149821.5,237,0.16,0,441,0.29,-171,-0.11,-859.5,-2.86,403
20,Exit long,2025-09-15 18:00,PO3 Session End,25289,3,151546.5,187.5,0.12,0,318,0.21,-133.5,-0.09,-672,-2.24,358
20,Entry long,2025-09-15 11:02,PO3 Long,25257.75,3,151546.5,187.5,0.12,0,318,0.21,-133.5,-0.09,-672,-2.24,358
21,Exit short,2025-09-16 11:02,AGT SC EXIT,25270.5,3,151795.5,172.5,0.11,0,172.5,0.11,-87,-0.06,-499.5,-1.67,43
21,Entry short,2025-09-16 10:19,AGT SC,25299.25,3,151795.5,172.5,0.11,0,172.5,0.11,-87,-0.06,-499.5,-1.67,43
22,Exit short,2025-09-17 12:07,OF ORB A Short Exit,25151.75,3,151323,412.5,0.27,0,412.5,0.27,-34.5,-0.02,-87,-0.29,107
22,Entry short,2025-09-17 10:20,OF ORB A Short,25220.5,3,151323,412.5,0.27,0,412.5,0.27,-34.5,-0.02,-87,-0.29,107
23,Exit long,2025-09-22 18:00,PO3 Session End,25742,3,153813,639,0.42,0,867,0.56,-168,-0.11,552,1.84,417
23,Entry long,2025-09-22 10:03,PO3 Long,25635.5,3,153813,639,0.42,0,867,0.56,-168,-0.11,552,1.84,417
24,Exit short,2025-09-23 11:07,AGT SC EXIT,25685.25,3,154236,124.5,0.08,0,124.5,0.08,-130.5,-0.08,676.5,2.26,38
24,Entry short,2025-09-23 10:29,AGT SC,25706,3,154236,124.5,0.08,0,124.5,0.08,-130.5,-0.08,676.5,2.26,38
25,Exit short,2025-09-24 11:10,OF ORB A Short Exit,25539.75,3,153486,247.5,0.16,0,247.5,0.16,-76.5,-0.05,924,3.08,67
25,Entry short,2025-09-24 10:03,OF ORB A Short,25581,3,153486,247.5,0.16,0,247.5,0.16,-76.5,-0.05,924,3.08,67
26,Exit short,2025-09-26 11:27,AGT SC EXIT,25374.5,3,152277,30,0.02,0,487.5,0.32,-57,-0.04,954,3.18,43
26,Entry short,2025-09-26 10:44,AGT SC,25379.5,3,152277,30,0.02,0,487.5,0.32,-57,-0.04,954,3.18,43
27,Exit long,2025-09-26 13:55,OF ORB A Long Exit,25420,3,152749.5,-229.5,-0.15,0,49.5,0.03,-229.5,-0.15,724.5,2.42,25
27,Entry long,2025-09-26 13:30,OF ORB A Long,25458.25,3,152749.5,-229.5,-0.15,0,49.5,0.03,-229.5,-0.15,724.5,2.42,25
28,Exit long,2025-09-28 18:00,ORB Session End,25483.25,3,152740.5,159,0.10,0,255,0.17,-27,-0.02,883.5,2.95,134
28,Entry long,2025-09-26 14:46,OF ORB B Long,25456.75,3,152740.5,159,0.10,0,255,0.17,-27,-0.02,883.5,2.95,134
29,Exit long,2025-09-29 11:36,AGT LC EXIT,25601,3,154092,-486,-0.32,0,84,0.05,-486,-0.32,397.5,1.33,39
29,Entry long,2025-09-29 10:57,AGT LC,25682,3,154092,-486,-0.32,0,84,0.05,-486,-0.32,397.5,1.33,39
30,Exit short,2025-09-29 13:02,OF ORB A Short Exit,25573,3,153696,258,0.17,0,258,0.17,-40.5,-0.03,655.5,2.19,84
30,Entry short,2025-09-29 11:38,OF ORB A Short,25616,3,153696,258,0.17,0,258,0.17,-40.5,-0.03,655.5,2.19,84
31,Exit short,2025-09-29 18:00,PO3 Session End,25573.5,3,153574.5,133.5,0.09,0,375,0.24,-157.5,-0.10,789,2.63,310
31,Entry short,2025-09-29 11:50,PO3 Short,25595.75,3,153574.5,133.5,0.09,0,375,0.24,-157.5,-0.10,789,2.63,310
32,Exit short,2025-09-30 09:59,OF ORB A Short Exit,25539.75,3,152980.5,-258,-0.17,0,27,0.02,-258,-0.17,531,1.77,4
32,Entry short,2025-09-30 09:55,OF ORB A Short,25496.75,3,152980.5,-258,-0.17,0,27,0.02,-258,-0.17,531,1.77,4
33,Exit short,2025-10-02 18:00,PO3 Session End,25849.25,3,154578,-517.5,-0.33,0,99,0.06,-699,-0.45,13.5,0.05,358
33,Entry short,2025-10-02 11:02,PO3 Short,25763,3,154578,-517.5,-0.33,0,99,0.06,-699,-0.45,13.5,0.05,358
34,Exit short,2025-10-03 13:02,AGT SC EXIT,25831.25,3,155167.5,180,0.12,0,180,0.12,-285,-0.18,193.5,0.65,143
34,Entry short,2025-10-03 10:39,AGT SC,25861.25,3,155167.5,180,0.12,0,180,0.12,-285,-0.18,193.5,0.65,143
35,Exit short,2025-10-03 13:46,PO3 Short Exit,25741.5,3,155229,780,0.50,0,780,0.50,-223.5,-0.14,973.5,3.25,186
35,Entry short,2025-10-03 10:40,PO3 Short,25871.5,3,155229,780,0.50,0,780,0.50,-223.5,-0.14,973.5,3.25,186
36,Exit long,2025-10-08 11:12,AGT LC EXIT,25970,3,155568,252,0.16,0,252,0.16,-3,0.00,1225.5,4.09,16
36,Entry long,2025-10-08 10:56,AGT LC,25928,3,155568,252,0.16,0,252,0.16,-3,0.00,1225.5,4.09,16
37,Exit long,2025-10-08 18:00,PO3 Session End,26099.25,3,155638.5,957,0.61,0,1066.5,0.69,-85.5,-0.05,2182.5,7.28,420
37,Entry long,2025-10-08 10:00,PO3 Long,25939.75,3,155638.5,957,0.61,0,1066.5,0.69,-85.5,-0.05,2182.5,7.28,420
38,Exit short,2025-10-09 11:50,AGT SC EXIT,26007.75,3,156076.5,30,0.02,0,375,0.24,-85.5,-0.05,2212.5,7.38,49
38,Entry short,2025-10-09 11:01,AGT SC,26012.75,3,156076.5,30,0.02,0,375,0.24,-85.5,-0.05,2212.5,7.38,49
39,Exit long,2025-10-10 09:51,OF ORB A Long Exit,26083.75,3,156777,-274.5,-0.18,0,67.5,0.04,-274.5,-0.18,1938,6.46,5
39,Entry long,2025-10-10 09:46,OF ORB A Long,26129.5,3,156777,-274.5,-0.18,0,67.5,0.04,-274.5,-0.18,1938,6.46,5
40,Exit long,2025-10-13 12:14,AGT LC EXIT,25657.25,3,153537,406.5,0.26,0,406.5,0.26,-559.5,-0.36,2344.5,7.82,110
40,Entry long,2025-10-13 10:24,AGT LC,25589.5,3,153537,406.5,0.26,0,406.5,0.26,-559.5,-0.36,2344.5,7.82,110
41,Exit long,2025-10-15 11:42,OF ORB A Long Exit,25699,3,154431,-237,-0.15,0,123,0.08,-237,-0.15,2107.5,7.03,7
41,Entry long,2025-10-15 11:35,OF ORB A Long,25738.5,3,154431,-237,-0.15,0,123,0.08,-237,-0.15,2107.5,7.03,7
42,Exit long,2025-10-16 11:08,AGT LC EXIT,25877.5,3,155131.5,133.5,0.09,0,133.5,0.09,-10.5,-0.01,2241,7.47,2
42,Entry long,2025-10-16 11:06,AGT LC,25855.25,3,155131.5,133.5,0.09,0,133.5,0.09,-10.5,-0.01,2241,7.47,2
43,Exit long,2025-10-17 10:15,OF ORB B Long Exit,25694.25,3,153325.5,840,0.55,0,840,0.55,-151.5,-0.10,3081,10.27,15
43,Entry long,2025-10-17 10:00,OF ORB B Long,25554.25,3,153325.5,840,0.55,0,840,0.55,-151.5,-0.10,3081,10.27,15
44,Exit long,2025-10-17 12:15,AGT LC EXIT,25688.75,3,153571.5,561,0.37,0,561,0.37,-1008,-0.66,3642,12.14,93
44,Entry long,2025-10-17 10:42,AGT LC,25595.25,3,153571.5,561,0.37,0,561,0.37,-1008,-0.66,3642,12.14,93
45,Exit long,2025-10-20 10:27,OF ORB A Long Exit,26028.25,3,155832,337.5,0.22,0,337.5,0.22,-103.5,-0.07,3979.5,13.26,35
45,Entry long,2025-10-20 09:52,OF ORB A Long,25972,3,155832,337.5,0.22,0,337.5,0.22,-103.5,-0.07,3979.5,13.26,35
46,Exit long,2025-10-20 18:00,PO3 Session End,26076.25,3,155968.5,489,0.31,0,678,0.43,-160.5,-0.10,4468.5,14.90,414
46,Entry long,2025-10-20 10:06,PO3 Long,25994.75,3,155968.5,489,0.31,0,678,0.43,-160.5,-0.10,4468.5,14.90,414
47,Exit short,2025-10-21 10:28,AGT SC EXIT,25971.25,3,156009,181.5,0.12,0,181.5,0.12,-223.5,-0.14,4650,15.50,12
47,Entry short,2025-10-21 10:16,AGT SC,26001.5,3,156009,181.5,0.12,0,181.5,0.12,-223.5,-0.14,4650,15.50,12
48,Exit long,2025-10-21 16:02,PO3 Long Exit,26000,3,156367.5,-367.5,-0.24,0,153,0.10,-367.5,-0.24,4282.5,14.27,189
48,Entry long,2025-10-21 12:53,PO3 Long,26061.25,3,156367.5,-367.5,-0.24,0,153,0.10,-367.5,-0.24,4282.5,14.27,189
49,Exit short,2025-10-22 11:20,AGT SC EXIT,25864.5,3,155563.5,376.5,0.24,0,376.5,0.24,-66,-0.04,4659,15.53,18
49,Entry short,2025-10-22 11:02,AGT SC,25927.25,3,155563.5,376.5,0.24,0,376.5,0.24,-66,-0.04,4659,15.53,18
50,Exit long,2025-10-24 10:54,OF ORB A Long Exit,26221,3,157693.5,-367.5,-0.23,0,69,0.04,-367.5,-0.23,4291.5,14.31,46
50,Entry long,2025-10-24 10:08,OF ORB A Long,26282.25,3,157693.5,-367.5,-0.23,0,69,0.04,-367.5,-0.23,4291.5,14.31,46
51,Exit long,2025-10-26 18:00,PO3 Long Exit,26509.5,3,157677,1380,0.88,0,1380,0.88,-175.5,-0.11,5671.5,18.91,65
51,Entry long,2025-10-24 15:55,PO3 Long,26279.5,3,157677,1380,0.88,0,1380,0.88,-175.5,-0.11,5671.5,18.91,65
52,Exit long,2025-10-27 10:29,AGT LC EXIT,26620,3,159589.5,130.5,0.08,0,130.5,0.08,-141,-0.09,5802,19.34,11
52,Entry long,2025-10-27 10:18,AGT LC,26598.25,3,159589.5,130.5,0.08,0,130.5,0.08,-141,-0.09,5802,19.34,11
53,Exit long,2025-10-27 14:43,PO3 Long Exit,26689.5,3,159676.5,460.5,0.29,0,460.5,0.29,-228,-0.14,6262.5,20.88,282
53,Entry long,2025-10-27 10:01,PO3 Long,26612.75,3,159676.5,460.5,0.29,0,460.5,0.29,-228,-0.14,6262.5,20.88,282
54,Exit long,2025-10-28 18:00,PO3 Session End,26930.25,3,161181,400.5,0.25,0,727.5,0.45,-120,-0.07,6663,22.21,268
54,Entry long,2025-10-28 12:32,PO3 Long,26863.5,3,161181,400.5,0.25,0,727.5,0.45,-120,-0.07,6663,22.21,268
55,Exit long,2025-10-29 10:40,AGT LC EXIT,27044.5,3,162237,30,0.02,0,130.5,0.08,-150,-0.09,6693,22.31,30
55,Entry long,2025-10-29 10:10,AGT LC,27039.5,3,162237,30,0.02,0,130.5,0.08,-150,-0.09,6693,22.31,30
56,Exit short,2025-10-29 14:00,PO3 Short Exit,27041,3,162030,-216,-0.13,0,196.5,0.12,-216,-0.13,6477,21.59,89
56,Entry short,2025-10-29 12:31,PO3 Short,27005,3,162030,-216,-0.13,0,196.5,0.12,-216,-0.13,6477,21.59,89
57,Exit short,2025-10-30 16:33,OF ORB A Short Exit,26804,3,160165.5,-658.5,-0.41,0,531,0.33,-658.5,-0.41,5818.5,19.40,63
57,Entry short,2025-10-30 15:30,OF ORB A Short,26694.25,3,160165.5,-658.5,-0.41,0,531,0.33,-658.5,-0.41,5818.5,19.40,63
58,Exit short,2025-10-31 12:10,AGT SC EXIT,26754.25,3,161119.5,594,0.37,0,594,0.37,-343.5,-0.21,6412.5,21.38,33
58,Entry short,2025-10-31 11:37,AGT SC,26853.25,3,161119.5,594,0.37,0,594,0.37,-343.5,-0.21,6412.5,21.38,33
59,Exit short,2025-11-02 18:00,PO3 Session End,26784.25,3,160905,199.5,0.12,0,1062,0.66,-709.5,-0.44,6612,22.04,416
59,Entry short,2025-10-31 10:04,PO3 Short,26817.5,3,160905,199.5,0.12,0,1062,0.66,-709.5,-0.44,6612,22.04,416
60,Exit short,2025-11-03 18:00,PO3 Session End,26846.75,3,161206.5,126,0.08,0,613.5,0.38,-378,-0.23,6738,22.46,420
60,Entry short,2025-11-03 10:00,PO3 Short,26867.75,3,161206.5,126,0.08,0,613.5,0.38,-378,-0.23,6738,22.46,420
61,Exit short,2025-11-04 15:52,OF ORB A Short Exit,26314.5,3,158530.5,643.5,0.41,0,643.5,0.41,-387,-0.24,7381.5,24.61,211
61,Entry short,2025-11-04 12:21,OF ORB A Short,26421.75,3,158530.5,643.5,0.41,0,643.5,0.41,-387,-0.24,7381.5,24.61,211
62,Exit short,2025-11-07 11:58,OF ORB A Short Exit,25472.25,3,154021.5,1188,0.77,0,1188,0.77,-765,-0.50,8569.5,28.57,110
62,Entry short,2025-11-07 10:08,OF ORB A Short,25670.25,3,154021.5,1188,0.77,0,1188,0.77,-765,-0.50,8569.5,28.57,110
63,Exit long,2025-11-10 10:51,OF ORB A Long Exit,26325.25,3,158278.5,-327,-0.21,0,237,0.15,-327,-0.21,8242.5,27.48,64
63,Entry long,2025-11-10 09:47,OF ORB A Long,26379.75,3,158278.5,-327,-0.21,0,237,0.15,-327,-0.21,8242.5,27.48,64
64,Exit long,2025-11-10 10:59,AGT LC EXIT,26276.75,3,158286,-625.5,-0.40,0,16.5,0.01,-625.5,-0.40,7617,25.39,14
64,Entry long,2025-11-10 10:45,AGT LC,26381,3,158286,-625.5,-0.40,0,16.5,0.01,-625.5,-0.40,7617,25.39,14
65,Exit long,2025-11-10 14:44,OF ORB B Long Exit,26453,3,158377.5,340.5,0.21,0,340.5,0.21,-90,-0.06,7957.5,26.53,100
65,Entry long,2025-11-10 13:04,OF ORB B Long,26396.25,3,158377.5,340.5,0.21,0,340.5,0.21,-90,-0.06,7957.5,26.53,100
66,Exit short,2025-11-11 11:29,AGT SC EXIT,26267,3,157890,288,0.18,0,288,0.18,-31.5,-0.02,8245.5,27.49,4
66,Entry short,2025-11-11 11:25,AGT SC,26315,3,157890,288,0.18,0,288,0.18,-31.5,-0.02,8245.5,27.49,4
67,Exit long,2025-11-11 13:46,OF ORB A Long Exit,26419,3,158283,231,0.15,0,231,0.15,-123,-0.08,8476.5,28.26,19
67,Entry long,2025-11-11 13:27,OF ORB A Long,26380.5,3,158283,231,0.15,0,231,0.15,-123,-0.08,8476.5,28.26,19
68,Exit long,2025-11-11 18:00,PO3 Session End,26422.25,3,158260.5,273,0.17,0,430.5,0.27,-100.5,-0.06,8749.5,29.17,213
68,Entry long,2025-11-11 13:27,PO3 Long,26376.75,3,158260.5,273,0.17,0,430.5,0.27,-100.5,-0.06,8749.5,29.17,213
69,Exit short,2025-11-12 11:47,AGT SC EXIT,26281,3,158061,375,0.24,0,375,0.24,-73.5,-0.05,9124.5,30.42,14
69,Entry short,2025-11-12 11:33,AGT SC,26343.5,3,158061,375,0.24,0,375,0.24,-73.5,-0.05,9124.5,30.42,14
70,Exit long,2025-11-14 10:38,OF ORB B Long Exit,25814.5,3,153801,1086,0.71,0,1086,0.71,-109.5,-0.07,10210.5,34.03,26
70,Entry long,2025-11-14 10:12,OF ORB B Long,25633.5,3,153801,1086,0.71,0,1086,0.71,-109.5,-0.07,10210.5,34.03,26
71,Exit long,2025-11-17 10:09,OF ORB A Long Exit,25820,3,155712,-792,-0.51,0,333,0.21,-792,-0.51,9418.5,31.40,22
71,Entry long,2025-11-17 09:47,OF ORB A Long,25952,3,155712,-792,-0.51,0,333,0.21,-792,-0.51,9418.5,31.40,22
72,Exit short,2025-11-17 13:55,AGT SC EXIT,25696.25,3,155052,874.5,0.56,0,874.5,0.56,-670.5,-0.43,10293,34.31,142
72,Entry short,2025-11-17 11:33,AGT SC,25842,3,155052,874.5,0.56,0,874.5,0.56,-670.5,-0.43,10293,34.31,142
73,Exit long,2025-11-19 12:26,OF ORB A Long Exit,25345.75,3,152676,-601.5,-0.39,0,381,0.25,-601.5,-0.39,9691.5,32.31,74
73,Entry long,2025-11-19 11:12,OF ORB A Long,25446,3,152676,-601.5,-0.39,0,381,0.25,-601.5,-0.39,9691.5,32.31,74
74,Exit long,2025-11-21 13:43,OF ORB B Long Exit,25133.5,3,150028.5,772.5,0.51,0,772.5,0.51,-292.5,-0.19,10464,34.88,35
74,Entry long,2025-11-21 13:08,OF ORB B Long,25004.75,3,150028.5,772.5,0.51,0,772.5,0.51,-292.5,-0.19,10464,34.88,35
75,Exit long,2025-11-24 11:05,OF ORB A Long Exit,25587.75,3,152773.5,753,0.49,0,753,0.49,-273,-0.18,11217,37.39,57
75,Entry long,2025-11-24 10:08,OF ORB A Long,25462.25,3,152773.5,753,0.49,0,753,0.49,-273,-0.18,11217,37.39,57
76,Exit long,2025-11-25 12:24,OF ORB A Long Exit,25756,3,153789,747,0.49,0,747,0.49,-241.5,-0.16,11964,39.88,40
76,Entry long,2025-11-25 11:44,OF ORB A Long,25631.5,3,153789,747,0.49,0,747,0.49,-241.5,-0.16,11964,39.88,40
77,Exit long,2025-11-25 18:00,PO3 Session End,25823.25,3,154240.5,699,0.45,0,1090.5,0.71,-43.5,-0.03,12663,42.21,139
77,Entry long,2025-11-25 14:41,PO3 Long,25706.75,3,154240.5,699,0.45,0,1090.5,0.71,-43.5,-0.03,12663,42.21,139
78,Exit short,2025-11-27 18:00,AGT SC EXIT,26070.75,3,156295.5,-129,-0.08,0,34.5,0.02,-129,-0.08,12534,41.78,103
78,Entry short,2025-11-27 11:17,AGT SC,26049.25,3,156295.5,-129,-0.08,0,34.5,0.02,-129,-0.08,12534,41.78,103
79,Exit long,2025-11-28 11:41,AGT LC EXIT,26146.75,3,156850.5,30,0.02,0,186,0.12,-94.5,-0.06,12564,41.88,12
79,Entry long,2025-11-28 11:29,AGT LC,26141.75,3,156850.5,30,0.02,0,186,0.12,-94.5,-0.06,12564,41.88,12
80,Exit long,2025-11-30 18:00,PO3 Long Exit,26276.75,3,156886.5,774,0.49,0,774,0.49,-82.5,-0.05,13338,44.46,103
80,Entry long,2025-11-28 11:32,PO3 Long,26147.75,3,156886.5,774,0.49,0,774,0.49,-82.5,-0.05,13338,44.46,103
81,Exit long,2025-12-01 10:39,AGT LC EXIT,26098.5,3,156345,246,0.16,0,246,0.16,-231,-0.15,13584,45.28,8
81,Entry long,2025-12-01 10:31,AGT LC,26057.5,3,156345,246,0.16,0,246,0.16,-231,-0.15,13584,45.28,8
82,Exit long,2025-12-01 10:52,OF ORB A Long Exit,26149,3,156354,540,0.35,0,540,0.35,-240,-0.15,14124,47.08,21
82,Entry long,2025-12-01 10:31,OF ORB A Long,26059,3,156354,540,0.35,0,540,0.35,-240,-0.15,14124,47.08,21
83,Exit long,2025-12-01 10:54,OF ORB B Long Exit,26168.75,3,156423,589.5,0.38,0,589.5,0.38,-309,-0.20,14713.5,49.05,29
83,Entry long,2025-12-01 10:25,OF ORB B Long,26070.5,3,156423,589.5,0.38,0,589.5,0.38,-309,-0.20,14713.5,49.05,29
84,Exit long,2025-12-02 10:28,OF ORB B Long Exit,26325.75,3,158139,-184.5,-0.12,0,261,0.17,-184.5,-0.12,14529,48.43,17
84,Entry long,2025-12-02 10:11,OF ORB B Long,26356.5,3,158139,-184.5,-0.12,0,261,0.17,-184.5,-0.12,14529,48.43,17
85,Exit long,2025-12-02 10:48,AGT LC EXIT,26400,3,158065.5,334.5,0.21,0,334.5,0.21,-25.5,-0.02,14863.5,49.55,8
85,Entry long,2025-12-02 10:40,AGT LC,26344.25,3,158065.5,334.5,0.21,0,334.5,0.21,-25.5,-0.02,14863.5,49.55,8
86,Exit long,2025-12-02 11:19,OF ORB A Long Exit,26270.75,3,158194.5,-570,-0.36,0,342,0.22,-570,-0.36,14293.5,47.65,68
86,Entry long,2025-12-02 10:11,OF ORB A Long,26365.75,3,158194.5,-570,-0.36,0,342,0.22,-570,-0.36,14293.5,47.65,68
87,Exit short,2025-12-03 10:00,OF ORB A Short Exit,26261.5,3,157320,-249,-0.16,0,0,0.00,-249,-0.16,14044.5,46.82,6
87,Entry short,2025-12-03 09:54,OF ORB A Short,26220,3,157320,-249,-0.16,0,0,0.00,-249,-0.16,14044.5,46.82,6
88,Exit short,2025-12-04 11:05,AGT SC EXIT,26272.75,3,158035.5,399,0.25,0,399,0.25,-315,-0.20,14443.5,48.15,33
88,Entry short,2025-12-04 10:32,AGT SC,26339.25,3,158035.5,399,0.25,0,399,0.25,-315,-0.20,14443.5,48.15,33
89,Exit short,2025-12-04 11:59,OF ORB A Short Exit,26401,3,157986,-420,-0.27,0,438,0.28,-420,-0.27,14023.5,46.75,91
89,Entry short,2025-12-04 10:28,OF ORB A Short,26331,3,157986,-420,-0.27,0,438,0.28,-420,-0.27,14023.5,46.75,91
90,Exit long,2025-12-05 11:11,OF ORB A Long Exit,26461.25,3,159175.5,-408,-0.26,0,547.5,0.34,-408,-0.26,13615.5,45.39,75
90,Entry long,2025-12-05 09:56,OF ORB A Long,26529.25,3,159175.5,-408,-0.26,0,547.5,0.34,-408,-0.26,13615.5,45.39,75
91,Exit short,2025-12-10 10:54,AGT SC EXIT,26331,3,158145,159,0.10,0,159,0.10,-12,-0.01,13774.5,45.92,3
91,Entry short,2025-12-10 10:51,AGT SC,26357.5,3,158145,159,0.10,0,159,0.10,-12,-0.01,13774.5,45.92,3
92,Exit long,2025-12-10 14:33,OF ORB A Long Exit,26464.75,3,158415,373.5,0.24,0,373.5,0.24,-132,-0.08,14148,47.16,6
92,Entry long,2025-12-10 14:27,OF ORB A Long,26402.5,3,158415,373.5,0.24,0,373.5,0.24,-132,-0.08,14148,47.16,6
93,Exit long,2025-12-10 14:34,OF ORB B Long Exit,26492.75,3,158478,478.5,0.30,0,478.5,0.30,-195,-0.12,14626.5,48.76,10
93,Entry long,2025-12-10 14:24,OF ORB B Long,26413,3,158478,478.5,0.30,0,478.5,0.30,-195,-0.12,14626.5,48.76,10
94,Exit short,2025-12-11 10:22,OF ORB A Short Exit,26361.25,3,157965,-202.5,-0.13,0,85.5,0.05,-202.5,-0.13,14424,48.08,4
94,Entry short,2025-12-11 10:18,OF ORB A Short,26327.5,3,157965,-202.5,-0.13,0,85.5,0.05,-202.5,-0.13,14424,48.08,4
95,Exit short,2025-12-11 13:36,AGT SC EXIT,26402.5,3,157615.5,-799.5,-0.51,0,364.5,0.23,-799.5,-0.51,13624.5,45.42,169
95,Entry short,2025-12-11 10:47,AGT SC,26269.25,3,157615.5,-799.5,-0.51,0,364.5,0.23,-799.5,-0.51,13624.5,45.42,169
96,Exit long,2025-12-11 18:00,PO3 Session End,26466,3,158704.5,91.5,0.06,0,987,0.62,-228,-0.14,13716,45.72,126
96,Entry long,2025-12-11 14:54,PO3 Long,26450.75,3,158704.5,91.5,0.06,0,987,0.62,-228,-0.14,13716,45.72,126
97,Exit short,2025-12-12 10:07,OF ORB A Short Exit,26218,3,157779,471,0.30,0,471,0.30,-166.5,-0.11,14187,47.29,15
97,Entry short,2025-12-12 09:52,OF ORB A Short,26296.5,3,157779,471,0.30,0,471,0.30,-166.5,-0.11,14187,47.29,15
98,Exit short,2025-12-15 10:00,OF ORB A Short Exit,25948.25,3,156283.5,594,0.38,0,594,0.38,-96,-0.06,14781,49.27,11
98,Entry short,2025-12-15 09:49,OF ORB A Short,26047.25,3,156283.5,594,0.38,0,594,0.38,-96,-0.06,14781,49.27,11
99,Exit short,2025-12-15 16:00,AGT Session End,25851,3,155676,570,0.37,0,688.5,0.44,-49.5,-0.03,15351,51.17,267
99,Entry short,2025-12-15 11:33,AGT SC,25946,3,155676,570,0.37,0,688.5,0.44,-49.5,-0.03,15351,51.17,267
100,Exit short,2025-12-17 10:44,OF ORB A Short Exit,25645.75,3,154822.5,948,0.61,0,948,0.61,-315,-0.20,16299,54.33,55
100,Entry short,2025-12-17 09:49,OF ORB A Short,25803.75,3,154822.5,948,0.61,0,948,0.61,-315,-0.20,16299,54.33,55
101,Exit long,2025-12-19 11:12,AGT LC EXIT,26063.75,3,156117,265.5,0.17,0,265.5,0.17,-316.5,-0.20,16564.5,55.22,44
101,Entry long,2025-12-19 10:28,AGT LC,26019.5,3,156117,265.5,0.17,0,265.5,0.17,-316.5,-0.20,16564.5,55.22,44
102,Exit long,2025-12-21 18:00,PO3 Session End,26166.25,3,156492,505.5,0.32,0,547.5,0.35,-184.5,-0.12,17070,56.90,271
102,Entry long,2025-12-19 12:29,PO3 Long,26082,3,156492,505.5,0.32,0,547.5,0.35,-184.5,-0.12,17070,56.90,271
103,Exit short,2025-12-22 12:57,OF ORB A Short Exit,26235.25,3,157083,-328.5,-0.21,0,87,0.06,-328.5,-0.21,16741.5,55.81,135
103,Entry short,2025-12-22 10:42,OF ORB A Short,26180.5,3,157083,-328.5,-0.21,0,87,0.06,-328.5,-0.21,16741.5,55.81,135
104,Exit short,2025-12-22 18:00,PO3 Session End,26214.75,3,157164,-124.5,-0.08,0,88.5,0.06,-265.5,-0.17,16617,55.39,363
104,Entry short,2025-12-22 10:57,PO3 Short,26194,3,157164,-124.5,-0.08,0,88.5,0.06,-265.5,-0.17,16617,55.39,363
105,Exit long,2025-12-23 09:55,OF ORB A Long Exit,26206.5,3,157407,-168,-0.11,0,69,0.04,-168,-0.11,16449,54.83,5
105,Entry long,2025-12-23 09:50,OF ORB A Long,26234.5,3,157407,-168,-0.11,0,69,0.04,-168,-0.11,16449,54.83,5
106,Exit long,2025-12-23 18:00,PO3 Session End,26314.25,3,157503,382.5,0.24,0,472.5,0.30,-72,-0.05,16831.5,56.11,331
106,Entry long,2025-12-23 11:29,PO3 Long,26250.5,3,157503,382.5,0.24,0,472.5,0.30,-72,-0.05,16831.5,56.11,331
107,Exit long,2025-12-24 11:09,AGT LC EXIT,26348,3,157917,171,0.11,0,171,0.11,-33,-0.02,17002.5,56.68,42
107,Entry long,2025-12-24 10:27,AGT LC,26319.5,3,157917,171,0.11,0,171,0.11,-33,-0.02,17002.5,56.68,42
108,Exit long,2025-12-25 18:00,PO3 Long Exit,26404.5,3,157936.5,490.5,0.31,0,490.5,0.31,-52.5,-0.03,17493,58.31,166
108,Entry long,2025-12-24 10:29,PO3 Long,26322.75,3,157936.5,490.5,0.31,0,490.5,0.31,-52.5,-0.03,17493,58.31,166
109,Exit short,2025-12-26 11:14,AGT SC EXIT,26368.25,3,158307,97.5,0.06,0,97.5,0.06,-201,-0.13,17590.5,58.64,42
109,Entry short,2025-12-26 10:32,AGT SC,26384.5,3,158307,97.5,0.06,0,97.5,0.06,-201,-0.13,17590.5,58.64,42
110,Exit short,2025-12-28 18:00,PO3 Session End,26380.25,3,158341.5,60,0.04,0,210,0.13,-166.5,-0.11,17650.5,58.84,397
110,Entry short,2025-12-26 10:23,PO3 Short,26390.25,3,158341.5,60,0.04,0,210,0.13,-166.5,-0.11,17650.5,58.84,397
111,Exit short,2025-12-29 13:35,AGT SC EXIT,26232.5,3,157425,30,0.02,0,496.5,0.32,-9,-0.01,17680.5,58.94,168
111,Entry short,2025-12-29 10:47,AGT SC,26237.5,3,157425,30,0.02,0,496.5,0.32,-9,-0.01,17680.5,58.94,168
112,Exit short,2025-12-30 18:00,PO3 Session End,26194.75,3,157177.5,9,0.01,0,96,0.06,-7.5,0.00,17689.5,58.97,42
112,Entry short,2025-12-30 16:18,PO3 Short,26196.25,3,157177.5,9,0.01,0,96,0.06,-7.5,0.00,17689.5,58.97,42
113,Exit short,2025-12-30 18:00,ORB Session End,26194.75,3,157161,-7.5,0.00,0,79.5,0.05,-31.5,-0.02,17682,58.94,46
113,Entry short,2025-12-30 16:14,OF ORB A Short,26193.5,3,157161,-7.5,0.00,0,79.5,0.05,-31.5,-0.02,17682,58.94,46
114,Exit short,2025-12-31 15:00,OF ORB A Short Exit,26029.25,3,156694.5,519,0.33,0,519,0.33,-160.5,-0.10,18201,60.67,310
114,Entry short,2025-12-31 09:50,OF ORB A Short,26115.75,3,156694.5,519,0.33,0,519,0.33,-160.5,-0.10,18201,60.67,310
115,Exit short,2026-01-01 18:00,PO3 Session End,25983.75,3,156457.5,555,0.35,0,856.5,0.55,-393,-0.25,18756,62.52,402
115,Entry short,2025-12-31 10:18,PO3 Short,26076.25,3,156457.5,555,0.35,0,856.5,0.55,-393,-0.25,18756,62.52,402
116,Exit long,2026-01-06 12:13,OF ORB A Long Exit,26225,3,157039.5,310.5,0.20,0,310.5,0.20,-163.5,-0.10,19066.5,63.55,69
116,Entry long,2026-01-06 11:04,OF ORB A Long,26173.25,3,157039.5,310.5,0.20,0,310.5,0.20,-163.5,-0.10,19066.5,63.55,69
117,Exit long,2026-01-07 10:39,OF ORB B Long Exit,26333,3,158266.5,-268.5,-0.17,0,0,0.00,-268.5,-0.17,18798,62.66,1
117,Entry long,2026-01-07 10:38,OF ORB B Long,26377.75,3,158266.5,-268.5,-0.17,0,0,0.00,-268.5,-0.17,18798,62.66,1
118,Exit long,2026-01-07 10:49,AGT LC EXIT,26409,3,157896,558,0.35,0,558,0.35,0,0.00,19356,64.52,10
118,Entry long,2026-01-07 10:39,AGT LC,26316,3,157896,558,0.35,0,558,0.35,0,0.00,19356,64.52,10
119,Exit short,2026-01-08 11:45,AGT SC EXIT,26163,3,157008,30,0.02,0,463.5,0.30,-315,-0.20,19386,64.62,94
119,Entry short,2026-01-08 10:11,AGT SC,26168,3,157008,30,0.02,0,463.5,0.30,-315,-0.20,19386,64.62,94
120,Exit short,2026-01-08 18:00,ORB Session End,26225.5,3,157098,-255,-0.16,0,553.5,0.35,-394.5,-0.25,19131,63.77,412
120,Entry short,2026-01-08 10:08,OF ORB A Short,26183,3,157098,-255,-0.16,0,553.5,0.35,-394.5,-0.25,19131,63.77,412
121,Exit long,2026-01-09 12:03,OF ORB A Long Exit,26428.75,3,157710,862.5,0.55,0,862.5,0.55,-102,-0.06,19993.5,66.65,78
121,Entry long,2026-01-09 10:45,OF ORB A Long,26285,3,157710,862.5,0.55,0,862.5,0.55,-102,-0.06,19993.5,66.65,78
122,Exit long,2026-01-12 10:54,AGT LC EXIT,26415.25,3,158307,184.5,0.12,0,184.5,0.12,-3,0.00,20178,67.26,8
122,Entry long,2026-01-12 10:46,AGT LC,26384.5,3,158307,184.5,0.12,0,184.5,0.12,-3,0.00,20178,67.26,8
123,Exit long,2026-01-12 12:02,OF ORB A Long Exit,26477,3,158352,510,0.32,0,510,0.32,-129,-0.08,20688,68.96,120
123,Entry long,2026-01-12 10:02,OF ORB A Long,26392,3,158352,510,0.32,0,510,0.32,-129,-0.08,20688,68.96,120
124,Exit short,2026-01-13 10:21,OF ORB A Short Exit,26355.75,3,158701.5,567,0.36,0,567,0.36,-87,-0.05,21255,70.85,16
124,Entry short,2026-01-13 10:05,OF ORB A Short,26450.25,3,158701.5,567,0.36,0,567,0.36,-87,-0.05,21255,70.85,16
125,Exit short,2026-01-13 11:27,AGT SC EXIT,26388,3,158505,177,0.11,0,177,0.11,-58.5,-0.04,21432,71.44,10
125,Entry short,2026-01-13 11:17,AGT SC,26417.5,3,158505,177,0.11,0,177,0.11,-58.5,-0.04,21432,71.44,10
126,Exit short,2026-01-14 10:46,OF ORB A Short Exit,26034.75,3,157056,847.5,0.54,0,847.5,0.54,-156,-0.10,22279.5,74.27,57
126,Entry short,2026-01-14 09:49,OF ORB A Short,26176,3,157056,847.5,0.54,0,847.5,0.54,-156,-0.10,22279.5,74.27,57
127,Exit short,2026-01-14 11:51,AGT SC EXIT,25964.75,3,156789,1000.5,0.64,0,1000.5,0.64,-58.5,-0.04,23280,77.60,83
127,Entry short,2026-01-14 10:28,AGT SC,26131.5,3,156789,1000.5,0.64,0,1000.5,0.64,-58.5,-0.04,23280,77.60,83
128,Exit short,2026-01-16 11:56,AGT SC EXIT,26198.5,3,157375.5,184.5,0.12,0,184.5,0.12,-186,-0.12,23464.5,78.22,24
128,Entry short,2026-01-16 11:32,AGT SC,26229.25,3,157375.5,184.5,0.12,0,184.5,0.12,-186,-0.12,23464.5,78.22,24
129,Exit long,2026-01-20 10:02,OF ORB A Long Exit,25780.5,3,155058,-375,-0.24,0,180,0.12,-375,-0.24,23089.5,76.96,9
129,Entry long,2026-01-20 09:53,OF ORB A Long,25843,3,155058,-375,-0.24,0,180,0.12,-375,-0.24,23089.5,76.96,9
130,Exit short,2026-01-22 16:00,AGT Session End,26164.5,3,156678,-309,-0.20,0,130.5,0.08,-691.5,-0.44,22780.5,75.94,301
130,Entry short,2026-01-22 10:59,AGT SC,26113,3,156678,-309,-0.20,0,130.5,0.08,-691.5,-0.44,22780.5,75.94,301
131,Exit long,2026-01-26 11:27,OF ORB A Long Exit,26407.5,3,157879.5,565.5,0.36,0,565.5,0.36,-33,-0.02,23346,77.82,98
131,Entry long,2026-01-26 09:49,OF ORB A Long,26313.25,3,157879.5,565.5,0.36,0,565.5,0.36,-33,-0.02,23346,77.82,98
132,Exit long,2026-01-26 18:00,PO3 Session End,26354.25,3,158179.5,-54,-0.03,0,459,0.29,-139.5,-0.09,23292,77.64,403
132,Entry long,2026-01-26 10:17,PO3 Long,26363.25,3,158179.5,-54,-0.03,0,459,0.29,-139.5,-0.09,23292,77.64,403
133,Exit short,2026-01-29 10:30,OF ORB A Short Exit,26224,3,158718,1374,0.87,0,1374,0.87,-372,-0.23,24666,82.22,43
133,Entry short,2026-01-29 09:47,OF ORB A Short,26453,3,158718,1374,0.87,0,1374,0.87,-372,-0.23,24666,82.22,43
134,Exit long,2026-02-02 10:17,OF ORB A Long Exit,26385.5,3,157422,891,0.57,0,891,0.57,-129,-0.08,25557,85.19,30
134,Entry long,2026-02-02 09:47,OF ORB A Long,26237,3,157422,891,0.57,0,891,0.57,-129,-0.08,25557,85.19,30
135,Exit short,2026-02-10 09:54,OF ORB A Short Exit,25872.5,3,154633.5,-601.5,-0.39,0,0,0.00,-601.5,-0.39,24955.5,83.19,5
135,Entry short,2026-02-10 09:49,OF ORB A Short,25772.25,3,154633.5,-601.5,-0.39,0,0,0.00,-601.5,-0.39,24955.5,83.19,5
136,Exit long,2026-02-10 15:12,AGT LC EXIT,25758.25,3,155317.5,-768,-0.49,0,132,0.08,-768,-0.49,24187.5,80.63,255
136,Entry long,2026-02-10 10:57,AGT LC,25886.25,3,155317.5,-768,-0.49,0,132,0.08,-768,-0.49,24187.5,80.63,255
137,Exit short,2026-02-11 16:00,AGT Session End,25787.5,3,154501.5,-223.5,-0.14,0,607.5,0.39,-705,-0.46,23964,79.88,303
137,Entry short,2026-02-11 10:57,AGT SC,25750.25,3,154501.5,-223.5,-0.14,0,607.5,0.39,-705,-0.46,23964,79.88,303
138,Exit long,2026-02-13 11:32,AGT LC EXIT,25376.25,3,151795.5,462,0.30,0,462,0.30,-46.5,-0.03,24426,81.42,8
138,Entry long,2026-02-13 11:24,AGT LC,25299.25,3,151795.5,462,0.30,0,462,0.30,-46.5,-0.03,24426,81.42,8
139,Exit long,2026-02-13 12:21,OF ORB A Long Exit,25470.75,3,151708.5,1116,0.74,0,1116,0.74,-345,-0.23,25542,85.14,97
139,Entry long,2026-02-13 10:44,OF ORB A Long,25284.75,3,151708.5,1116,0.74,0,1116,0.74,-345,-0.23,25542,85.14,97
140,Exit short,2026-02-16 11:29,AGT SC EXIT,25236.75,3,151450.5,30,0.02,0,228,0.15,-1.5,0.00,25572,85.24,13
140,Entry short,2026-02-16 11:16,AGT SC,25241.75,3,151450.5,30,0.02,0,228,0.15,-1.5,0.00,25572,85.24,13
141,Exit long,2026-02-17 18:00,ORB Session End,25270.25,3,151896,-274.5,-0.18,0,198,0.13,-439.5,-0.29,25297.5,84.33,122
141,Entry long,2026-02-17 14:58,OF ORB A Long,25316,3,151896,-274.5,-0.18,0,198,0.13,-439.5,-0.29,25297.5,84.33,122
142,Exit long,2026-02-17 18:00,ORB Session End,25270.25,3,151935,-313.5,-0.21,0,159,0.10,-478.5,-0.31,24984,83.28,122
142,Entry long,2026-02-17 14:58,OF ORB B Long,25322.5,3,151935,-313.5,-0.21,0,159,0.10,-478.5,-0.31,24984,83.28,122
143,Exit short,2026-02-19 13:59,OF ORB A Short Exit,25354.25,3,151770,-355.5,-0.23,0,130.5,0.09,-355.5,-0.23,24628.5,82.10,34
143,Entry short,2026-02-19 13:25,OF ORB A Short,25295,3,151770,-355.5,-0.23,0,130.5,0.09,-355.5,-0.23,24628.5,82.10,34
144,Exit long,2026-02-20 10:53,OF ORB A Long Exit,25623,3,152391,1347,0.88,0,1347,0.88,-276,-0.18,25975.5,86.59,63
144,Entry long,2026-02-20 09:50,OF ORB A Long,25398.5,3,152391,1347,0.88,0,1347,0.88,-276,-0.18,25975.5,86.59,63
145,Exit long,2026-02-25 11:31,AGT LC EXIT,25820.75,3,154827,97.5,0.06,0,97.5,0.06,-196.5,-0.13,26073,86.91,40
145,Entry long,2026-02-25 10:51,AGT LC,25804.5,3,154827,97.5,0.06,0,97.5,0.06,-196.5,-0.13,26073,86.91,40
146,Exit short,2026-02-26 10:00,OF ORB A Short Exit,25681.25,3,154510.5,423,0.27,0,423,0.27,-55.5,-0.04,26496,88.32,10
146,Entry short,2026-02-26 09:50,OF ORB A Short,25751.75,3,154510.5,423,0.27,0,423,0.27,-55.5,-0.04,26496,88.32,10
147,Exit long,2026-03-02 10:41,AGT LC EXIT,25435.75,3,152250,364.5,0.24,0,364.5,0.24,-156,-0.10,26860.5,89.54,7
147,Entry long,2026-03-02 10:34,AGT LC,25375,3,152250,364.5,0.24,0,364.5,0.24,-156,-0.10,26860.5,89.54,7
148,Exit long,2026-03-02 11:45,OF ORB A Long Exit,25528.25,3,152286,883.5,0.58,0,883.5,0.58,-426,-0.28,27744,92.48,115
148,Entry long,2026-03-02 09:50,OF ORB A Long,25381,3,152286,883.5,0.58,0,883.5,0.58,-426,-0.28,27744,92.48,115
149,Exit long,2026-03-03 13:20,OF ORB A Long Exit,25233.25,3,150712.5,687,0.46,0,687,0.46,-60,-0.04,28431,94.77,46
149,Entry long,2026-03-03 12:34,OF ORB A Long,25118.75,3,150712.5,687,0.46,0,687,0.46,-60,-0.04,28431,94.77,46
150,Exit long,2026-03-04 10:21,OF ORB A Long Exit,25570.25,3,152712,709.5,0.46,0,709.5,0.46,-328.5,-0.22,29140.5,97.14,18
150,Entry long,2026-03-04 10:03,OF ORB A Long,25452,3,152712,709.5,0.46,0,709.5,0.46,-328.5,-0.22,29140.5,97.14,18
151,Exit long,2026-03-05 09:59,OF ORB B Long Exit,25693.5,3,153733.5,427.5,0.28,0,427.5,0.28,-60,-0.04,29568,98.56,6
151,Entry long,2026-03-05 09:53,OF ORB B Long,25622.25,3,153733.5,427.5,0.28,0,427.5,0.28,-60,-0.04,29568,98.56,6
152,Exit long,2026-03-05 10:00,OF ORB A Long Exit,25704.5,3,153709.5,517.5,0.34,0,517.5,0.34,-36,-0.02,30085.5,100.29,7
152,Entry long,2026-03-05 09:53,OF ORB A Long,25618.25,3,153709.5,517.5,0.34,0,517.5,0.34,-36,-0.02,30085.5,100.29,7
153,Exit short,2026-03-05 11:08,AGT SC EXIT,25525,3,153514.5,364.5,0.24,0,364.5,0.24,-109.5,-0.07,30450,101.50,17
153,Entry short,2026-03-05 10:51,AGT SC,25585.75,3,153514.5,364.5,0.24,0,364.5,0.24,-109.5,-0.07,30450,101.50,17
154,Exit long,2026-03-11 10:05,OF ORB A Long Exit,25656,3,153652.5,283.5,0.18,0,283.5,0.18,-87,-0.06,30733.5,102.45,2
154,Entry long,2026-03-11 10:03,OF ORB A Long,25608.75,3,153652.5,283.5,0.18,0,283.5,0.18,-87,-0.06,30733.5,102.45,2
155,Exit long,2026-03-11 10:11,OF ORB B Long Exit,25576.75,3,153700.5,-240,-0.16,0,237,0.15,-240,-0.16,30493.5,101.65,8
155,Entry long,2026-03-11 10:03,OF ORB B Long,25616.75,3,153700.5,-240,-0.16,0,237,0.15,-240,-0.16,30493.5,101.65,8
156,Exit long,2026-03-11 10:25,AGT LC EXIT,25521.75,3,153658.5,-528,-0.34,0,46.5,0.03,-528,-0.34,29965.5,99.89,7
156,Entry long,2026-03-11 10:18,AGT LC,25609.75,3,153658.5,-528,-0.34,0,46.5,0.03,-528,-0.34,29965.5,99.89,7
157,Exit short,2026-03-12 11:02,AGT SC EXIT,25093,3,150993,435,0.29,0,435,0.29,-21,-0.01,30400.5,101.34,15
157,Entry short,2026-03-12 10:47,AGT SC,25165.5,3,150993,435,0.29,0,435,0.29,-21,-0.01,30400.5,101.34,15
158,Exit long,2026-03-16 10:21,OF ORB A Long Exit,25269.75,3,151270.5,348,0.23,0,348,0.23,-145.5,-0.10,30748.5,102.50,33
158,Entry long,2026-03-16 09:48,OF ORB A Long,25211.75,3,151270.5,348,0.23,0,348,0.23,-145.5,-0.10,30748.5,102.50,33
159,Exit long,2026-03-16 11:50,AGT LC EXIT,25209.5,3,151227,30,0.02,0,253.5,0.17,-303,-0.20,30778.5,102.60,50
159,Entry long,2026-03-16 11:00,AGT LC,25204.5,3,151227,30,0.02,0,253.5,0.17,-303,-0.20,30778.5,102.60,50
160,Exit long,2026-03-16 15:47,PO3 Long Exit,25152.5,3,151756.5,-841.5,-0.55,0,183,0.12,-841.5,-0.55,29937,99.79,38
160,Entry long,2026-03-16 15:09,PO3 Long,25292.75,3,151756.5,-841.5,-0.55,0,183,0.12,-841.5,-0.55,29937,99.79,38
161,Exit long,2026-03-17 10:11,OF ORB A Long Exit,25336.75,3,152215.5,-195,-0.13,0,132,0.09,-195,-0.13,29742,99.14,13
161,Entry long,2026-03-17 09:58,OF ORB A Long,25369.25,3,152215.5,-195,-0.13,0,132,0.09,-195,-0.13,29742,99.14,13
162,Exit short,2026-03-18 13:01,AGT SC EXIT,25103.25,3,151186.5,567,0.38,0,567,0.38,-75,-0.05,30309,101.03,107
162,Entry short,2026-03-18 11:14,AGT SC,25197.75,3,151186.5,567,0.38,0,567,0.38,-75,-0.05,30309,101.03,107
163,Exit short,2026-03-18 18:00,PO3 Session End,24909.5,3,150981,1524,1.01,0,1837.5,1.22,-279,-0.18,31833,106.11,192
163,Entry short,2026-03-18 13:48,PO3 Short,25163.5,3,150981,1524,1.01,0,1837.5,1.22,-279,-0.18,31833,106.11,192
164,Exit short,2026-03-20 12:52,AGT SC EXIT,24530,3,147399,219,0.15,0,219,0.15,-514.5,-0.35,32052,106.84,88
164,Entry short,2026-03-20 11:24,AGT SC,24566.5,3,147399,219,0.15,0,219,0.15,-514.5,-0.35,32052,106.84,88
165,Exit long,2026-03-23 10:17,OF ORB B Long Exit,24928.25,3,149070,499.5,0.34,0,499.5,0.34,-148.5,-0.10,32551.5,108.51,22
165,Entry long,2026-03-23 09:55,OF ORB B Long,24845,3,149070,499.5,0.34,0,499.5,0.34,-148.5,-0.10,32551.5,108.51,22
166,Exit long,2026-03-23 10:18,OF ORB A Long Exit,24936.75,3,149007,613.5,0.41,0,613.5,0.41,-85.5,-0.06,33165,110.55,23
166,Entry long,2026-03-23 09:55,OF ORB A Long,24834.5,3,149007,613.5,0.41,0,613.5,0.41,-85.5,-0.06,33165,110.55,23
167,Exit long,2026-03-24 10:59,OF ORB A Long Exit,24493.5,3,147649.5,-688.5,-0.47,0,18,0.01,-688.5,-0.47,32476.5,108.26,2
167,Entry long,2026-03-24 10:57,OF ORB A Long,24608.25,3,147649.5,-688.5,-0.47,0,18,0.01,-688.5,-0.47,32476.5,108.26,2
168,Exit short,2026-03-25 10:25,OF ORB A Short Exit,24799.25,3,148417.5,-378,-0.25,0,121.5,0.08,-378,-0.25,32098.5,106.99,12
168,Entry short,2026-03-25 10:13,OF ORB A Short,24736.25,3,148417.5,-378,-0.25,0,121.5,0.08,-378,-0.25,32098.5,106.99,12
169,Exit short,2026-03-25 12:25,AGT SC EXIT,24718,3,148338,30,0.02,0,595.5,0.40,-10.5,-0.01,32128.5,107.10,51
169,Entry short,2026-03-25 11:34,AGT SC,24723,3,148338,30,0.02,0,595.5,0.40,-10.5,-0.01,32128.5,107.10,51
170,Exit short,2026-03-26 11:46,OF ORB A Short Exit,24419.5,3,146295,-222,-0.15,0,106.5,0.07,-222,-0.15,31906.5,106.36,6
170,Entry short,2026-03-26 11:40,OF ORB A Short,24382.5,3,146295,-222,-0.15,0,106.5,0.07,-222,-0.15,31906.5,106.36,6
171,Exit short,2026-03-27 10:28,AGT SC EXIT,23773.75,3,142989,346.5,0.24,0,346.5,0.24,-115.5,-0.08,32253,107.51,10
171,Entry short,2026-03-27 10:18,AGT SC,23831.5,3,142989,346.5,0.24,0,346.5,0.24,-115.5,-0.08,32253,107.51,10
172,Exit short,2026-03-27 12:36,OF ORB A Short Exit,23765,3,143116.5,526.5,0.37,0,526.5,0.37,-309,-0.22,32779.5,109.26,73
172,Entry short,2026-03-27 11:23,OF ORB A Short,23852.75,3,143116.5,526.5,0.37,0,526.5,0.37,-309,-0.22,32779.5,109.26,73
173,Exit short,2026-03-30 13:15,OF ORB A Short Exit,23529,3,142222.5,1048.5,0.74,0,1048.5,0.74,-163.5,-0.11,33828,112.76,131
173,Entry short,2026-03-30 11:04,OF ORB A Short,23703.75,3,142222.5,1048.5,0.74,0,1048.5,0.74,-163.5,-0.11,33828,112.76,131
174,Exit long,2026-03-31 10:53,OF ORB A Long Exit,23701,3,142453.5,-247.5,-0.17,0,28.5,0.02,-247.5,-0.17,33580.5,111.94,4
174,Entry long,2026-03-31 10:49,OF ORB A Long,23742.25,3,142453.5,-247.5,-0.17,0,28.5,0.02,-247.5,-0.17,33580.5,111.94,4
175,Exit long,2026-03-31 11:14,AGT LC EXIT,23832,3,142794,198,0.14,0,198,0.14,-223.5,-0.16,33778.5,112.60,8
175,Entry long,2026-03-31 11:06,AGT LC,23799,3,142794,198,0.14,0,198,0.14,-223.5,-0.16,33778.5,112.60,8
176,Exit long,2026-04-01 12:19,OF ORB A Long Exit,24623.75,3,146898,844.5,0.57,0,844.5,0.57,-349.5,-0.24,34623,115.41,116
176,Entry long,2026-04-01 10:23,OF ORB A Long,24483,3,146898,844.5,0.57,0,844.5,0.57,-349.5,-0.24,34623,115.41,116
177,Exit long,2026-04-01 13:06,OF ORB B Long Exit,24641.25,3,146926.5,921,0.63,0,921,0.63,-378,-0.26,35544,118.48,163
177,Entry long,2026-04-01 10:23,OF ORB B Long,24487.75,3,146926.5,921,0.63,0,921,0.63,-378,-0.26,35544,118.48,163
178,Exit long,2026-04-06 10:04,OF ORB B Long Exit,24578.5,3,148012.5,-541.5,-0.37,0,465,0.31,-541.5,-0.37,35002.5,116.68,11
178,Entry long,2026-04-06 09:53,OF ORB B Long,24668.75,3,148012.5,-541.5,-0.37,0,465,0.31,-541.5,-0.37,35002.5,116.68,11
179,Exit long,2026-04-06 10:06,OF ORB A Long Exit,24571.75,3,147870,-439.5,-0.30,0,67.5,0.05,-439.5,-0.30,34563,115.21,4
179,Entry long,2026-04-06 10:02,OF ORB A Long,24645,3,147870,-439.5,-0.30,0,67.5,0.05,-439.5,-0.30,34563,115.21,4
180,Exit long,2026-04-06 13:12,AGT LC EXIT,24538.5,3,147810,-579,-0.39,0,39,0.03,-579,-0.39,33984,113.28,152
180,Entry long,2026-04-06 10:40,AGT LC,24635,3,147810,-579,-0.39,0,39,0.03,-579,-0.39,33984,113.28,152
181,Exit short,2026-04-07 10:39,AGT SC EXIT,24369.75,3,146431.5,213,0.15,0,213,0.15,-49.5,-0.03,34197,113.99,5
181,Entry short,2026-04-07 10:34,AGT SC,24405.25,3,146431.5,213,0.15,0,213,0.15,-49.5,-0.03,34197,113.99,5
182,Exit short,2026-04-07 15:19,OF ORB A Short Exit,24536.5,3,146935.5,-283.5,-0.19,0,0,0.00,-283.5,-0.19,33913.5,113.05,1
182,Entry short,2026-04-07 15:18,OF ORB A Short,24489.25,3,146935.5,-283.5,-0.19,0,0,0.00,-283.5,-0.19,33913.5,113.05,1
183,Exit long,2026-04-09 11:48,OF ORB B Long Exit,25465.5,3,152347.5,445.5,0.29,0,445.5,0.29,-51,-0.03,34359,114.53,10
183,Entry long,2026-04-09 11:38,OF ORB B Long,25391.25,3,152347.5,445.5,0.29,0,445.5,0.29,-51,-0.03,34359,114.53,10
184,Exit long,2026-04-10 10:53,AGT LC EXIT,25628.5,3,153741,30,0.02,0,123,0.08,-105,-0.07,34389,114.63,8
184,Entry long,2026-04-10 10:45,AGT LC,25623.5,3,153741,30,0.02,0,123,0.08,-105,-0.07,34389,114.63,8
185,Exit long,2026-04-14 10:30,OF ORB A Long Exit,26102,3,156247.5,364.5,0.23,0,364.5,0.23,-225,-0.14,34753.5,115.85,43
185,Entry long,2026-04-14 09:47,OF ORB A Long,26041.25,3,156247.5,364.5,0.23,0,364.5,0.23,-225,-0.14,34753.5,115.85,43
186,Exit long,2026-04-14 18:00,PO3 Session End,26286.25,3,156360,1357.5,0.87,0,1431,0.92,-25.5,-0.02,36111,120.37,407
186,Entry long,2026-04-14 10:13,PO3 Long,26060,3,156360,1357.5,0.87,0,1431,0.92,-25.5,-0.02,36111,120.37,407
187,Exit long,2026-04-15 10:16,OF ORB B Long Exit,26397.75,3,158061,325.5,0.21,0,325.5,0.21,-18,-0.01,36436.5,121.46,16
187,Entry long,2026-04-15 10:00,OF ORB B Long,26343.5,3,158061,325.5,0.21,0,325.5,0.21,-18,-0.01,36436.5,121.46,16
188,Exit short,2026-04-16 10:13,OF ORB A Short Exit,26690.75,3,159949.5,-195,-0.12,0,148.5,0.09,-195,-0.12,36241.5,120.81,5
188,Entry short,2026-04-16 10:08,OF ORB A Short,26658.25,3,159949.5,-195,-0.12,0,148.5,0.09,-195,-0.12,36241.5,120.81,5
189,Exit long,2026-04-17 10:31,OF ORB A Long Exit,27061,3,162028.5,337.5,0.21,0,337.5,0.21,-75,-0.05,36579,121.93,11
189,Entry long,2026-04-17 10:20,OF ORB A Long,27004.75,3,162028.5,337.5,0.21,0,337.5,0.21,-75,-0.05,36579,121.93,11
190,Exit short,2026-04-21 11:10,OF ORB A Short Exit,27061,3,162192,-174,-0.11,0,0,0.00,-174,-0.11,36405,121.35,1
190,Entry short,2026-04-21 11:09,OF ORB A Short,27032,3,162192,-174,-0.11,0,0,0.00,-174,-0.11,36405,121.35,1
191,Exit long,2026-04-23 13:05,PO3 Long Exit,27286.5,3,164278.5,-559.5,-0.34,0,73.5,0.04,-559.5,-0.34,35845.5,119.49,7
191,Entry long,2026-04-23 12:58,PO3 Long,27379.75,3,164278.5,-559.5,-0.34,0,73.5,0.04,-559.5,-0.34,35845.5,119.49,7
192,Exit short,2026-04-23 14:58,OF ORB A Short Exit,27180.75,3,163638,553.5,0.34,0,553.5,0.34,-16.5,-0.01,36399,121.33,23
192,Entry short,2026-04-23 14:35,OF ORB A Short,27273,3,163638,553.5,0.34,0,553.5,0.34,-16.5,-0.01,36399,121.33,23
193,Exit short,2026-04-24 10:09,OF ORB A Short Exit,27532.75,3,164937,-259.5,-0.16,0,243,0.15,-259.5,-0.16,36139.5,120.47,10
193,Entry short,2026-04-24 09:59,OF ORB A Short,27489.5,3,164937,-259.5,-0.16,0,243,0.15,-259.5,-0.16,36139.5,120.47,10
194,Exit long,2026-04-24 10:49,AGT LC EXIT,27527,3,165132,30,0.02,0,306,0.19,-22.5,-0.01,36169.5,120.57,11
194,Entry long,2026-04-24 10:38,AGT LC,27522,3,165132,30,0.02,0,306,0.19,-22.5,-0.01,36169.5,120.57,11
195,Exit short,2026-04-27 09:50,OF ORB A Short Exit,27614.25,3,165958.5,273,0.16,0,273,0.16,-54,-0.03,36442.5,121.48,2
195,Entry short,2026-04-27 09:48,OF ORB A Short,27659.75,3,165958.5,273,0.16,0,273,0.16,-54,-0.03,36442.5,121.48,2
196,Exit long,2026-04-29 12:31,PO3 Long Exit,27455.75,3,165363,-628.5,-0.38,0,52.5,0.03,-628.5,-0.38,35814,119.38,40
196,Entry long,2026-04-29 11:51,PO3 Long,27560.5,3,165363,-628.5,-0.38,0,52.5,0.03,-628.5,-0.38,35814,119.38,40
197,Exit short,2026-04-30 11:01,OF ORB A Short Exit,27683.25,3,165387,-712.5,-0.43,0,649.5,0.39,-712.5,-0.43,35101.5,117.01,68
197,Entry short,2026-04-30 09:53,OF ORB A Short,27564.5,3,165387,-712.5,-0.43,0,649.5,0.39,-712.5,-0.43,35101.5,117.01,68
198,Exit long,2026-05-01 09:59,OF ORB B Long Exit,28153.5,3,168520.5,400.5,0.24,0,400.5,0.24,-96,-0.06,35502,118.34,8
198,Entry long,2026-05-01 09:51,OF ORB B Long,28086.75,3,168520.5,400.5,0.24,0,400.5,0.24,-96,-0.06,35502,118.34,8
199,Exit long,2026-05-01 16:00,AGT Session End,28123.75,3,168724.5,18,0.01,0,540,0.32,-349.5,-0.21,35520,118.40,317
199,Entry long,2026-05-01 10:43,AGT LC,28120.75,3,168724.5,18,0.01,0,540,0.32,-349.5,-0.21,35520,118.40,317
200,Exit long,2026-05-03 18:00,PO3 Session End,28193,3,168667.5,490.5,0.29,0,649.5,0.39,-375,-0.22,36010.5,120.04,137
200,Entry long,2026-05-01 14:43,PO3 Long,28111.25,3,168667.5,490.5,0.29,0,649.5,0.39,-375,-0.22,36010.5,120.04,137
201,Exit long,2026-05-03 18:00,ORB Session End,28193,3,168388.5,769.5,0.46,0,928.5,0.55,-120,-0.07,36780,122.60,384
201,Entry long,2026-05-01 10:36,OF ORB A Long,28064.75,3,168388.5,769.5,0.46,0,928.5,0.55,-120,-0.07,36780,122.60,384
202,Exit long,2026-05-04 10:12,AGT LC EXIT,28193.25,3,168990,169.5,0.10,0,169.5,0.10,-7.5,0.00,36949.5,123.17,2
202,Entry long,2026-05-04 10:10,AGT LC,28165,3,168990,169.5,0.10,0,169.5,0.10,-7.5,0.00,36949.5,123.17,2
203,Exit short,2026-05-04 14:23,OF ORB A Short Exit,28048.25,3,168661.5,372,0.22,0,372,0.22,-7.5,0.00,37321.5,124.41,18
203,Entry short,2026-05-04 14:05,OF ORB A Short,28110.25,3,168661.5,372,0.22,0,372,0.22,-7.5,0.00,37321.5,124.41,18
204,Exit long,2026-05-05 14:04,OF ORB A Long Exit,28466,3,170214,582,0.34,0,582,0.34,-261,-0.15,37903.5,126.35,256
204,Entry long,2026-05-05 09:48,OF ORB A Long,28369,3,170214,582,0.34,0,582,0.34,-261,-0.15,37903.5,126.35,256
205,Exit long,2026-05-11 16:11,OF ORB A Long Exit,29634.5,3,178231.5,-424.5,-0.24,0,390,0.22,-424.5,-0.24,37479,124.93,209
205,Entry long,2026-05-11 12:42,OF ORB A Long,29705.25,3,178231.5,-424.5,-0.24,0,390,0.22,-424.5,-0.24,37479,124.93,209
206,Exit short,2026-05-12 10:25,AGT SC EXIT,29462,3,176833.5,61.5,0.03,0,61.5,0.03,-79.5,-0.04,37540.5,125.14,2
206,Entry short,2026-05-12 10:23,AGT SC,29472.25,3,176833.5,61.5,0.03,0,61.5,0.03,-79.5,-0.04,37540.5,125.14,2
207,Exit short,2026-05-13 10:08,OF ORB A Short Exit,29415,3,177012,522,0.29,0,522,0.29,-102,-0.06,38062.5,126.88,14
207,Entry short,2026-05-13 09:54,OF ORB A Short,29502,3,177012,522,0.29,0,522,0.29,-102,-0.06,38062.5,126.88,14
208,Exit long,2026-05-14 11:20,OF ORB A Long Exit,30057.5,3,179473.5,871.5,0.49,0,871.5,0.49,-558,-0.31,38934,129.78,86
208,Entry long,2026-05-14 09:54,OF ORB A Long,29912.25,3,179473.5,871.5,0.49,0,871.5,0.49,-558,-0.31,38934,129.78,86
209,Exit short,2026-05-19 11:24,AGT SC EXIT,29048.25,3,174769.5,480,0.27,0,480,0.27,-109.5,-0.06,39414,131.38,8
209,Entry short,2026-05-19 11:16,AGT SC,29128.25,3,174769.5,480,0.27,0,480,0.27,-109.5,-0.06,39414,131.38,8
210,Exit long,2026-05-21 10:02,OF ORB A Long Exit,29621.5,3,177277.5,451.5,0.25,0,451.5,0.25,-57,-0.03,39865.5,132.89,4
210,Entry long,2026-05-21 09:58,OF ORB A Long,29546.25,3,177277.5,451.5,0.25,0,451.5,0.25,-57,-0.03,39865.5,132.89,4
211,Exit long,2026-05-21 10:16,OF ORB B Long Exit,29503.25,3,177274.5,-255,-0.14,0,342,0.19,-255,-0.14,39610.5,132.04,3
211,Entry long,2026-05-21 10:13,OF ORB B Long,29545.75,3,177274.5,-255,-0.14,0,342,0.19,-255,-0.14,39610.5,132.04,3
212,Exit short,2026-05-21 11:06,AGT SC EXIT,29459,3,177103.5,349.5,0.20,0,349.5,0.20,-124.5,-0.07,39960,133.20,6
212,Entry short,2026-05-21 11:00,AGT SC,29517.25,3,177103.5,349.5,0.20,0,349.5,0.20,-124.5,-0.07,39960,133.20,6
213,Exit long,2026-05-26 14:11,AGT LC EXIT,30322.5,3,181734,201,0.11,0,201,0.11,-661.5,-0.36,40161,133.87,158
213,Entry long,2026-05-26 11:33,AGT LC,30289,3,181734,201,0.11,0,201,0.11,-661.5,-0.36,40161,133.87,158
214,Exit short,2026-05-27 18:00,ORB Session End,30408.75,3,181912.5,-540,-0.30,0,897,0.49,-627,-0.34,39621,132.07,430
214,Entry short,2026-05-27 09:50,OF ORB A Short,30318.75,3,181912.5,-540,-0.30,0,897,0.49,-627,-0.34,39621,132.07,430
215,Exit long,2026-05-29 10:25,OF ORB A Long Exit,30676.75,3,184372.5,-312,-0.17,0,46.5,0.03,-312,-0.17,39309,131.03,10
215,Entry long,2026-05-29 10:15,OF ORB A Long,30728.75,3,184372.5,-312,-0.17,0,46.5,0.03,-312,-0.17,39309,131.03,10
216,Exit long,2026-05-29 10:26,AGT LC EXIT,30658.75,3,184621.5,-669,-0.36,0,154.5,0.08,-669,-0.36,38640,128.80,15
216,Entry long,2026-05-29 10:11,AGT LC,30770.25,3,184621.5,-669,-0.36,0,154.5,0.08,-669,-0.36,38640,128.80,15
217,Exit short,2026-06-01 11:17,AGT SC EXIT,30760.5,3,184041,-522,-0.28,0,72,0.04,-522,-0.28,38118,127.06,51
217,Entry short,2026-06-01 10:26,AGT SC,30673.5,3,184041,-522,-0.28,0,72,0.04,-522,-0.28,38118,127.06,51
218,Exit long,2026-06-02 10:59,AGT LC EXIT,30933.25,3,185076,523.5,0.28,0,523.5,0.28,-22.5,-0.01,38641.5,128.80,31
218,Entry long,2026-06-02 10:28,AGT LC,30846,3,185076,523.5,0.28,0,523.5,0.28,-22.5,-0.01,38641.5,128.80,31
219,Exit short,2026-06-03 12:41,OF ORB A Short Exit,30811.25,3,185752.5,885,0.48,0,885,0.48,-444,-0.24,39526.5,131.76,149
219,Entry short,2026-06-03 10:12,OF ORB A Short,30958.75,3,185752.5,885,0.48,0,885,0.48,-444,-0.24,39526.5,131.76,149
220,Exit long,2026-06-10 10:24,OF ORB A Long Exit,29501.75,3,175632,1378.5,0.78,0,1378.5,0.78,-58.5,-0.03,40905,136.35,23
220,Entry long,2026-06-10 10:01,OF ORB A Long,29272,3,175632,1378.5,0.78,0,1378.5,0.78,-58.5,-0.03,40905,136.35,23
221,Exit short,2026-06-11 11:08,OF ORB A Short Exit,29039.75,3,173785.5,-453,-0.26,0,187.5,0.11,-453,-0.26,40452,134.84,5
221,Entry short,2026-06-11 11:03,OF ORB A Short,28964.25,3,173785.5,-453,-0.26,0,187.5,0.11,-453,-0.26,40452,134.84,5
222,Exit long,2026-06-12 10:55,OF ORB A Long Exit,29905.25,3,178402.5,1029,0.58,0,1029,0.58,-528,-0.30,41481,138.27,12
222,Entry long,2026-06-12 10:43,OF ORB A Long,29733.75,3,178402.5,1029,0.58,0,1029,0.58,-528,-0.30,41481,138.27,12
223,Exit long,2026-06-15 10:58,OF ORB A Long Exit,30788.5,3,184284,447,0.24,0,447,0.24,-262.5,-0.14,41928,139.76,59
223,Entry long,2026-06-15 09:59,OF ORB A Long,30714,3,184284,447,0.24,0,447,0.24,-262.5,-0.14,41928,139.76,59
224,Exit short,2026-06-17 13:08,AGT SC EXIT,30346.25,3,182539.5,462,0.25,0,462,0.25,-295.5,-0.16,42390,141.30,109
224,Entry short,2026-06-17 11:19,AGT SC,30423.25,3,182539.5,462,0.25,0,462,0.25,-295.5,-0.16,42390,141.30,109
225,Exit short,2026-06-17 13:08,OF ORB A Short Exit,30326.5,3,182521.5,562.5,0.31,0,562.5,0.31,-313.5,-0.17,42952.5,143.18,114
225,Entry short,2026-06-17 11:14,OF ORB A Short,30420.25,3,182521.5,562.5,0.31,0,562.5,0.31,-313.5,-0.17,42952.5,143.18,114
226,Exit long,2026-06-18 11:56,AGT LC EXIT,30631,3,183256.5,529.5,0.29,0,529.5,0.29,-280.5,-0.15,43482,144.94,17
226,Entry long,2026-06-18 11:39,AGT LC,30542.75,3,183256.5,529.5,0.29,0,529.5,0.29,-280.5,-0.15,43482,144.94,17
227,Exit long,2026-06-19 12:34,AGT LC EXIT,30701,3,184036.5,169.5,0.09,0,169.5,0.09,-118.5,-0.06,43651.5,145.51,59
227,Entry long,2026-06-19 11:35,AGT LC,30672.75,3,184036.5,169.5,0.09,0,169.5,0.09,-118.5,-0.06,43651.5,145.51,59
228,Exit long,2026-06-21 18:00,PO3 Long Exit,30578.5,3,184180.5,-709.5,-0.39,0,49.5,0.03,-709.5,-0.39,42942,143.14,123
228,Entry long,2026-06-19 10:57,PO3 Long,30696.75,3,184180.5,-709.5,-0.39,0,49.5,0.03,-709.5,-0.39,42942,143.14,123
229,Exit long,2026-06-22 10:27,AGT LC EXIT,30757.25,3,185268,-724.5,-0.39,0,96,0.05,-724.5,-0.39,42217.5,140.73,9
229,Entry long,2026-06-22 10:18,AGT LC,30878,3,185268,-724.5,-0.39,0,96,0.05,-724.5,-0.39,42217.5,140.73,9
230,Exit long,2026-06-24 16:44,OF ORB A Long Exit,30097.5,3,179031,1554,0.87,0,1554,0.87,-58.5,-0.03,43771.5,145.91,32
230,Entry long,2026-06-24 16:12,OF ORB A Long,29838.5,3,179031,1554,0.87,0,1554,0.87,-58.5,-0.03,43771.5,145.91,32
231,Exit long,2026-06-28 18:00,ORB Session End,29333.75,3,176029.5,-27,-0.02,0,456,0.26,-501,-0.28,43744.5,145.82,61
231,Entry long,2026-06-26 15:59,OF ORB A Long,29338.25,3,176029.5,-27,-0.02,0,456,0.26,-501,-0.28,43744.5,145.82,61
232,Exit short,2026-07-01 18:00,ORB Session End,30106.5,3,180586.5,-52.5,-0.03,0,0,0.00,-52.5,-0.03,43692,145.64,0
232,Entry short,2026-07-01 18:00,OF ORB A Short,30097.75,3,180586.5,-52.5,-0.03,0,0,0.00,-52.5,-0.03,43692,145.64,0
233,Exit long,2026-07-02 10:22,OF ORB B Long Exit,30085,3,181005,-495,-0.27,0,517.5,0.29,-495,-0.27,43197,143.99,13
233,Entry long,2026-07-02 10:09,OF ORB B Long,30167.5,3,181005,-495,-0.27,0,517.5,0.29,-495,-0.27,43197,143.99,13
234,Exit long,2026-07-02 10:25,OF ORB A Long Exit,30066.75,3,180877.5,-477,-0.26,0,645,0.36,-477,-0.26,42720,142.40,15
234,Entry long,2026-07-02 10:10,OF ORB A Long,30146.25,3,180877.5,-477,-0.26,0,645,0.36,-477,-0.26,42720,142.40,15
235,Exit long,2026-07-06 11:26,AGT LC EXIT,30019.75,3,179793,325.5,0.18,0,325.5,0.18,-61.5,-0.03,43045.5,143.48,8
235,Entry long,2026-07-06 11:18,AGT LC,29965.5,3,179793,325.5,0.18,0,325.5,0.18,-61.5,-0.03,43045.5,143.48,8
236,Exit short,2026-07-08 11:16,OF ORB A Short Exit,29128.25,3,175597.5,828,0.47,0,828,0.47,-201,-0.11,43873.5,146.25,23
236,Entry short,2026-07-08 10:53,OF ORB A Short,29266.25,3,175597.5,828,0.47,0,828,0.47,-201,-0.11,43873.5,146.25,23
237,Exit long,2026-07-08 18:00,ORB Session End,29425.5,3,176314.5,238.5,0.14,0,685.5,0.39,-370.5,-0.21,44112,147.04,196
237,Entry long,2026-07-08 13:44,OF ORB B Long,29385.75,3,176314.5,238.5,0.14,0,685.5,0.39,-370.5,-0.21,44112,147.04,196
238,Exit long,2026-07-09 10:15,OF ORB A Long Exit,29737.25,3,179227.5,-804,-0.45,0,355.5,0.20,-804,-0.45,43308,144.36,29
238,Entry long,2026-07-09 09:46,OF ORB A Long,29871.25,3,179227.5,-804,-0.45,0,355.5,0.20,-804,-0.45,43308,144.36,29
239,Exit long,2026-07-10 10:21,OF ORB B Long Exit,29853,3,179596.5,-478.5,-0.27,0,204,0.11,-478.5,-0.27,42829.5,142.77,17
239,Entry long,2026-07-10 10:04,OF ORB B Long,29932.75,3,179596.5,-478.5,-0.27,0,204,0.11,-478.5,-0.27,42829.5,142.77,17
240,Exit long,2026-07-10 10:21,OF ORB A Long Exit,29848.25,3,179536.5,-447,-0.25,0,264,0.15,-447,-0.25,42382.5,141.28,14
240,Entry long,2026-07-10 10:07,OF ORB A Long,29922.75,3,179536.5,-447,-0.25,0,264,0.15,-447,-0.25,42382.5,141.28,14
241,Exit short,2026-07-13 11:00,AGT SC EXIT,29737.25,3,177697.5,-726,-0.41,0,76.5,0.04,-726,-0.41,41656.5,138.85,15
241,Entry short,2026-07-13 10:45,AGT SC,29616.25,3,177697.5,-726,-0.41,0,76.5,0.04,-726,-0.41,41656.5,138.85,15
242,Exit short,2026-07-15 10:23,OF ORB A Short Exit,29698,3,179038.5,850.5,0.48,0,850.5,0.48,-315,-0.18,42507,141.69,23
242,Entry short,2026-07-15 10:00,OF ORB A Short,29839.75,3,179038.5,850.5,0.48,0,850.5,0.48,-315,-0.18,42507,141.69,23
243,Exit long,2026-07-22 09:54,OF ORB A Long Exit,29231.75,3,174990,400.5,0.23,0,400.5,0.23,-78,-0.04,42907.5,143.03,6
243,Entry long,2026-07-22 09:48,OF ORB A Long,29165,3,174990,400.5,0.23,0,400.5,0.23,-78,-0.04,42907.5,143.03,6
244,Exit long,2026-07-22 11:00,AGT LC EXIT,29246,3,175339.5,136.5,0.08,0,136.5,0.08,-246,-0.14,43044,143.48,14
244,Entry long,2026-07-22 10:46,AGT LC,29223.25,3,175339.5,136.5,0.08,0,136.5,0.08,-246,-0.14,43044,143.48,14
245,Exit long,2026-07-22 18:00,PO3 Session End,29107,3,175314,-672,-0.38,0,250.5,0.14,-685.5,-0.39,42372,141.24,147
245,Entry long,2026-07-22 14:33,PO3 Long,29219,3,175314,-672,-0.38,0,250.5,0.14,-685.5,-0.39,42372,141.24,147
246,Exit short,2026-07-24 11:59,OF ORB A Short Exit,28581.25,3,170995.5,-492,-0.29,0,256.5,0.15,-492,-0.29,41880,139.60,45
246,Entry short,2026-07-24 11:14,OF ORB A Short,28499.25,3,170995.5,-492,-0.29,0,256.5,0.15,-492,-0.29,41880,139.60,45
247,Exit short,2026-07-28 11:18,OF ORB A Short Exit,27900.5,3,166369.5,-1033.5,-0.62,0,750,0.45,-1033.5,-0.62,40846.5,136.16,90
247,Entry short,2026-07-28 09:48,OF ORB A Short,27728.25,3,166369.5,-1033.5,-0.62,0,750,0.45,-1033.5,-0.62,40846.5,136.16,90
248,Exit long,2026-08-04 10:38,OF ORB A Long Exit,29578.5,3,176655,816,0.46,0,816,0.46,-105,-0.06,41662.5,138.88,52
248,Entry long,2026-08-04 09:46,OF ORB A Long,29442.5,3,176655,816,0.46,0,816,0.46,-105,-0.06,41662.5,138.88,52
249,Exit short,2026-08-07 11:11,OF ORB A Short Exit,29779.25,3,178254,-421.5,-0.24,0,294,0.16,-421.5,-0.24,41241,137.47,52
249,Entry short,2026-08-07 10:19,OF ORB A Short,29709,3,178254,-421.5,-0.24,0,294,0.16,-421.5,-0.24,41241,137.47,52
250,Exit short,2026-08-11 10:01,OF ORB A Short Exit,29756,3,178182,-354,-0.20,0,78,0.04,-354,-0.20,40887,136.29,5
250,Entry short,2026-08-11 09:56,OF ORB A Short,29697,3,178182,-354,-0.20,0,78,0.04,-354,-0.20,40887,136.29,5
251,Exit short,2026-08-12 13:04,OF ORB A Short Exit,29924.5,3,179227.5,-319.5,-0.18,0,315,0.18,-319.5,-0.18,40567.5,135.23,95
251,Entry short,2026-08-12 11:29,OF ORB A Short,29871.25,3,179227.5,-319.5,-0.18,0,315,0.18,-319.5,-0.18,40567.5,135.23,95
252,Exit short,2026-08-17 10:24,AGT SC EXIT,30160.5,3,181221,258,0.14,0,258,0.14,-141,-0.08,40825.5,136.08,13
252,Entry short,2026-08-17 10:11,AGT SC,30203.5,3,181221,258,0.14,0,258,0.14,-141,-0.08,40825.5,136.08,13
253,Exit long,2026-08-17 12:41,OF ORB A Long Exit,30190.25,3,181425,-283.5,-0.16,0,93,0.05,-283.5,-0.16,40542,135.14,66
253,Entry long,2026-08-17 11:35,OF ORB A Long,30237.5,3,181425,-283.5,-0.16,0,93,0.05,-283.5,-0.16,40542,135.14,66
254,Exit short,2026-08-18 10:50,AGT SC EXIT,29595,3,177907.5,337.5,0.19,0,337.5,0.19,-199.5,-0.11,40879.5,136.26,16
254,Entry short,2026-08-18 10:34,AGT SC,29651.25,3,177907.5,337.5,0.19,0,337.5,0.19,-199.5,-0.11,40879.5,136.26,16
255,Exit short,2026-08-19 18:00,ORB Session End,29570,3,177396,-24,-0.01,0,486,0.27,-607.5,-0.34,40855.5,136.19,381
255,Entry short,2026-08-19 10:39,OF ORB A Short,29566,3,177396,-24,-0.01,0,486,0.27,-607.5,-0.34,40855.5,136.19,381
256,Exit short,2026-08-20 11:11,AGT SC EXIT,29329,3,176257.5,283.5,0.16,0,283.5,0.16,-486,-0.28,41139,137.13,22
256,Entry short,2026-08-20 10:49,AGT SC,29376.25,3,176257.5,283.5,0.16,0,283.5,0.16,-486,-0.28,41139,137.13,22
257,Exit short,2026-08-21 10:19,OF ORB A Short Exit,29233.5,3,175923,522,0.30,0,522,0.30,-150,-0.09,41661,138.87,30
257,Entry short,2026-08-21 09:49,OF ORB A Short,29320.5,3,175923,522,0.30,0,522,0.30,-150,-0.09,41661,138.87,30
258,Exit short,2026-08-21 11:51,AGT SC EXIT,29472.5,3,175813.5,-1021.5,-0.58,0,93,0.05,-1021.5,-0.58,40639.5,135.47,64
258,Entry short,2026-08-21 10:47,AGT SC,29302.25,3,175813.5,-1021.5,-0.58,0,93,0.05,-1021.5,-0.58,40639.5,135.47,64